"","E8","L4i","zou_annotation"
"TTF1",-0.901511427779264,0.901511427779263,"four_cell_RNA"
"UBP1",-0.871736045780431,0.871736045780431,"four_cell_RNA"
"CREM",-0.870757494477051,0.870757494477051,"four_cell_RNA"
"PGR",-0.833544956484195,0.833544956484195,"four_cell_RNA"
"ZNF701",-0.829771823991122,0.829771823991122,"four_cell_RNA"
"ZNF611",-0.820466130284207,0.820466130284206,"four_cell_RNA"
"REXO4",-0.818521114796622,0.81852111479662,"four_cell_RNA"
"ELF2",-0.816139245733683,0.816139245733684,"four_cell_RNA"
"ZNF586",-0.810550632152548,0.810550632152549,"four_cell_RNA"
"ZNF296",-0.809902208185188,0.809902208185189,"four_cell_RNA"
"ZNF878",-0.808715503999545,0.808715503999546,"four_cell_RNA"
"ZNF44",-0.805224935647761,0.805224935647761,"four_cell_RNA"
"ZNF430",-0.804664021845663,0.804664021845663,"four_cell_RNA"
"ZNF432",-0.804025223756527,0.804025223756528,"four_cell_RNA"
"ZNF518A",-0.799251157611071,0.799251157611071,"four_cell_RNA"
"ZNF273",-0.779798496064319,0.77979849606432,"four_cell_RNA"
"PURA",-0.77945755664793,0.779457556647929,"four_cell_RNA"
"THAP11",-0.774583557470791,0.774583557470792,"four_cell_RNA"
"KLF16",-0.772505002955954,0.772505002955953,"four_cell_RNA"
"THAP1",-0.768478044880101,0.768478044880103,"four_cell_RNA"
"MBD4",-0.765695358610042,0.765695358610042,"four_cell_RNA"
"MTERF1",-0.759563608292703,0.759563608292704,"four_cell_RNA"
"BRF2",-0.757247937341825,0.757247937341824,"four_cell_RNA"
"ZNF350",-0.746352332988316,0.746352332988317,"four_cell_RNA"
"ZNF486",-0.741036321127576,0.741036321127575,"four_cell_RNA"
"TBP",-0.739073921361057,0.739073921361058,"four_cell_RNA"
"ZNF639",-0.736460461660535,0.736460461660535,"four_cell_RNA"
"ZNF781",-0.736313193103593,0.736313193103593,"four_cell_RNA"
"ZNF628",-0.722135813717,0.722135813716997,"four_cell_RNA"
"PBX3",-0.71343126729061,0.713431267290611,"four_cell_RNA"
"ZNF576",-0.712748476554931,0.71274847655493,"four_cell_RNA"
"ZNF844",-0.71157000068868,0.711570000688681,"four_cell_RNA"
"NR4A3",-0.699121353277098,0.699121353277098,"four_cell_RNA"
"SAFB",-0.678026328033123,0.678026328033121,"four_cell_RNA"
"NAIF1",-0.667885736240964,0.667885736240965,"four_cell_RNA"
"TFAP2C",-0.664108132942645,0.664108132942645,"four_cell_RNA"
"ZNF431",-0.661368628682825,0.661368628682824,"four_cell_RNA"
"ZNF541",-0.659104179827064,0.659104179827064,"four_cell_RNA"
"ZNF335",-0.658767978728537,0.658767978728536,"four_cell_RNA"
"ZBTB11",-0.65692937283735,0.656929372837351,"four_cell_RNA"
"REST",-0.656581333474409,0.65658133347441,"four_cell_RNA"
"TBX20",-0.649440597413876,0.649440597413875,"four_cell_RNA"
"ZSCAN5B",-0.643943740463114,0.643943740463115,"four_cell_RNA"
"YBX1",-0.642488164994181,0.642488164994181,"four_cell_RNA"
"DR1",-0.621736523734806,0.621736523734805,"four_cell_RNA"
"ZNF668",-0.618065702926307,0.618065702926309,"four_cell_RNA"
"SP1",-0.613169799866007,0.613169799866009,"four_cell_RNA"
"ZNF157",-0.61220996076852,0.61220996076852,"four_cell_RNA"
"ZNF675",-0.603772373950106,0.603772373950106,"four_cell_RNA"
"ZNF614",-0.601411078386926,0.601411078386925,"four_cell_RNA"
"ZNF823",-0.601162782294749,0.60116278229475,"four_cell_RNA"
"ZNF131",-0.599924530710026,0.599924530710025,"four_cell_RNA"
"ZNF28",-0.599737054084963,0.599737054084963,"four_cell_RNA"
"MYOD1",-0.595553178572762,0.595553178572762,"four_cell_RNA"
"ZNF703",-0.587461679124761,0.587461679124761,"four_cell_RNA"
"ZNF487",-0.587060802971104,0.587060802971107,"four_cell_RNA"
"ZNF473",-0.583255445125354,0.583255445125355,"four_cell_RNA"
"GATA1",-0.578390626622351,0.578390626622351,"four_cell_RNA"
"E4F1",-0.574176228325464,0.574176228325463,"four_cell_RNA"
"ZNF830",-0.571448030061593,0.571448030061595,"four_cell_RNA"
"NR0B1",-0.569559425394364,0.569559425394364,"four_cell_RNA"
"SCRT1",-0.568653327030477,0.568653327030477,"four_cell_RNA"
"ATOH1",-0.566944377477217,0.566944377477217,"four_cell_RNA"
"NRF1",-0.562931123905197,0.5629311239052,"four_cell_RNA"
"MAX",-0.56286657004493,0.562866570044931,"four_cell_RNA"
"ZBTB40",-0.553854040539941,0.55385404053994,"four_cell_RNA"
"ZNF669",-0.552754404495552,0.552754404495549,"four_cell_RNA"
"ADNP2",-0.549208495158944,0.549208495158945,"four_cell_RNA"
"NKRF",-0.54842801337927,0.54842801337927,"four_cell_RNA"
"FOXE1",-0.545375142217169,0.545375142217169,"four_cell_RNA"
"MTF1",-0.541595044865294,0.541595044865297,"four_cell_RNA"
"TBX10",-0.538252191110562,0.538252191110562,"four_cell_RNA"
"ZNF578",-0.534243974138071,0.534243974138071,"four_cell_RNA"
"TBX4",-0.525981987412412,0.525981987412412,"four_cell_RNA"
"ZNF808",-0.521447825548715,0.521447825548715,"four_cell_RNA"
"ZNF92",-0.520547895170771,0.520547895170771,"four_cell_RNA"
"ZNF394",-0.520151519813297,0.520151519813299,"four_cell_RNA"
"ZNF441",-0.519586469071035,0.519586469071035,"four_cell_RNA"
"SNAPC5",-0.515612981027736,0.515612981027736,"four_cell_RNA"
"TPRX1",-0.508737652098678,0.508737652098678,"four_cell_RNA"
"HOXB8",-0.504107755622016,0.504107755622016,"four_cell_RNA"
"GATA5",-0.496964573931268,0.496964573931269,"four_cell_RNA"
"NFYC",-0.493898836406896,0.493898836406897,"four_cell_RNA"
"PITX1",-0.491671261142167,0.491671261142167,"four_cell_RNA"
"HOXA10",-0.488217557387927,0.488217557387927,"four_cell_RNA"
"KLF5",-0.484576920542226,0.484576920542226,"four_cell_RNA"
"ESR1",-0.477993299584472,0.477993299584472,"four_cell_RNA"
"PRDM6",-0.475815307209252,0.475815307209251,"four_cell_RNA"
"DUXB",-0.465345837322884,0.465345837322883,"four_cell_RNA"
"ZNF263",-0.461807774897873,0.461807774897872,"four_cell_RNA"
"ASCL1",-0.461046738164926,0.461046738164926,"four_cell_RNA"
"CEBPE",-0.454576453222181,0.454576453222181,"four_cell_RNA"
"ZNF93",-0.453042586846494,0.453042586846493,"four_cell_RNA"
"HES2",-0.447331403041125,0.447331403041125,"four_cell_RNA"
"GATA6",-0.445456838045547,0.445456838045547,"four_cell_RNA"
"ZNF681",-0.444223050998197,0.444223050998196,"four_cell_RNA"
"KLF17",-0.437808999373656,0.437808999373656,"four_cell_RNA"
"ZNF776",-0.435300357301996,0.435300357301995,"four_cell_RNA"
"ZNF766",-0.426551901384693,0.426551901384693,"four_cell_RNA"
"USF1",-0.425253601451677,0.425253601451677,"four_cell_RNA"
"HOXD1",-0.42010323467435,0.42010323467435,"four_cell_RNA"
"ARGFX",-0.416751821849957,0.416751821849957,"four_cell_RNA"
"CEBPG",-0.416221630271639,0.416221630271636,"four_cell_RNA"
"ZNF596",-0.41555852707441,0.41555852707441,"four_cell_RNA"
"ZNF880",-0.415215889602236,0.415215889602236,"four_cell_RNA"
"FOXR1",-0.41308508419204,0.41308508419204,"four_cell_RNA"
"AHCTF1",-0.409731182389108,0.409731182389107,"four_cell_RNA"
"ZNF138",-0.406558743045721,0.40655874304572,"four_cell_RNA"
"ZNF20",-0.406432287840275,0.406432287840276,"four_cell_RNA"
"PBX4",-0.403649514581998,0.403649514581999,"four_cell_RNA"
"PRDM13",-0.401902205243077,0.401902205243077,"four_cell_RNA"
"LTF",-0.39751023297334,0.39751023297334,"four_cell_RNA"
"ZNF790",-0.384878045702121,0.384878045702122,"four_cell_RNA"
"ZNF624",-0.379903881319273,0.379903881319273,"four_cell_RNA"
"ZNF534",-0.375617085344594,0.375617085344594,"four_cell_RNA"
"ZNF728",-0.371481639750992,0.371481639750992,"four_cell_RNA"
"ATF1",-0.371385747428613,0.371385747428612,"four_cell_RNA"
"HOXB9",-0.367162847949211,0.367162847949211,"four_cell_RNA"
"TFCP2",-0.364146523608562,0.364146523608564,"four_cell_RNA"
"HOXA5",-0.360467997095898,0.360467997095898,"four_cell_RNA"
"TFDP3",-0.359449485980988,0.359449485980988,"four_cell_RNA"
"BHLHA9",-0.351618283362155,0.351618283362155,"four_cell_RNA"
"TCF24",-0.340441146903421,0.340441146903421,"four_cell_RNA"
"HOXC10",-0.337129503924261,0.337129503924261,"four_cell_RNA"
"FOXD4L1",-0.337048368158446,0.337048368158446,"four_cell_RNA"
"ZNF208",-0.336754763919137,0.336754763919137,"four_cell_RNA"
"ZNF506",-0.33390269251256,0.33390269251256,"four_cell_RNA"
"HOXB2",-0.331525028547465,0.331525028547465,"four_cell_RNA"
"ZNF716",-0.328901557687636,0.328901557687636,"four_cell_RNA"
"TIGD7",-0.326169601459707,0.326169601459708,"four_cell_RNA"
"ZNF26",-0.322825794699991,0.322825794699992,"four_cell_RNA"
"HOXA13",-0.321953207388126,0.321953207388126,"four_cell_RNA"
"ZNF180",-0.321023160769286,0.321023160769286,"four_cell_RNA"
"FOXB2",-0.320387145026513,0.320387145026513,"four_cell_RNA"
"NKX1-1",-0.318638144009638,0.318638144009638,"four_cell_RNA"
"LEUTX",-0.313175717161062,0.313175717161062,"four_cell_RNA"
"FOXM1",-0.308888130724949,0.30888813072495,"four_cell_RNA"
"HEY1",-0.306088848278291,0.306088848278291,"four_cell_RNA"
"DLX2",-0.297019786451021,0.297019786451021,"four_cell_RNA"
"ZNF408",-0.289090173192866,0.289090173192867,"four_cell_RNA"
"MYB",-0.285218457751648,0.285218457751648,"four_cell_RNA"
"TIGD3",-0.282738646951075,0.282738646951074,"four_cell_RNA"
"KLF9",-0.278429050686781,0.278429050686781,"four_cell_RNA"
"ZBTB10",-0.274967237143496,0.274967237143497,"four_cell_RNA"
"FOXN2",-0.274032058079202,0.274032058079203,"four_cell_RNA"
"MSX1",-0.273258635947468,0.273258635947468,"four_cell_RNA"
"ZNF700",-0.271804188426243,0.271804188426244,"four_cell_RNA"
"ZNF789",-0.269856859272645,0.269856859272645,"four_cell_RNA"
"ZSCAN4",-0.262987404081568,0.262987404081568,"four_cell_RNA"
"ZNF773",-0.260634606284387,0.260634606284384,"four_cell_RNA"
"ZNF268",-0.25233350946013,0.252333509460129,"four_cell_RNA"
"HOXD11",-0.25,0.25,"four_cell_RNA"
"ZNF679",-0.25,0.25,"four_cell_RNA"
"DMRTA2",-0.245471682976946,0.245471682976946,"four_cell_RNA"
"PAX6",-0.243868879409789,0.243868879409789,"four_cell_RNA"
"SNAPC4",-0.236930796009728,0.236930796009729,"four_cell_RNA"
"ZNF7",-0.223633276757133,0.223633276757132,"four_cell_RNA"
"ZNF791",-0.215879058410034,0.215879058410032,"four_cell_RNA"
"MYRFL",-0.209749040781814,0.209749040781814,"four_cell_RNA"
"EVX1",-0.207510096109282,0.207510096109282,"four_cell_RNA"
"ALX4",-0.203005308743216,0.203005308743216,"four_cell_RNA"
"ZEB2",-0.196068556532492,0.196068556532492,"four_cell_RNA"
"ZNF530",-0.19551804241283,0.195518042412832,"four_cell_RNA"
"ZNF829",-0.193897648871706,0.193897648871706,"four_cell_RNA"
"NKX2-5",-0.177681359699896,0.177681359699896,"four_cell_RNA"
"ZNF98",-0.172318038113873,0.172318038113873,"four_cell_RNA"
"ZBTB1",-0.172012030417425,0.172012030417426,"four_cell_RNA"
"RHOXF2",-0.171938399887486,0.171938399887486,"four_cell_RNA"
"TCF23",-0.171635002745551,0.171635002745551,"four_cell_RNA"
"CTCF",-0.17118339646302,0.17118339646302,"four_cell_RNA"
"EN1",-0.168197485590931,0.168197485590931,"four_cell_RNA"
"SRCAP",-0.167641980740784,0.167641980740783,"four_cell_RNA"
"TMF1",-0.167563924498731,0.16756392449873,"four_cell_RNA"
"ZNF257",-0.151177191727843,0.151177191727843,"four_cell_RNA"
"TOPORS",-0.150439718513921,0.150439718513917,"four_cell_RNA"
"ZNF707",-0.148677950014513,0.148677950014514,"four_cell_RNA"
"KLF10",-0.14170610377791,0.14170610377791,"four_cell_RNA"
"CRX",-0.1407335775714,0.1407335775714,"four_cell_RNA"
"NKX6-2",-0.137067753523934,0.137067753523934,"four_cell_RNA"
"ZNF177",-0.132738133617166,0.132738133617166,"four_cell_RNA"
"ETV3",-0.131227771900099,0.131227771900102,"four_cell_RNA"
"CSRNP1",-0.128960779214951,0.12896077921495,"four_cell_RNA"
"KDM5B",-0.127172431387448,0.127172431387452,"four_cell_RNA"
"ANKZF1",-0.126006942099962,0.126006942099961,"four_cell_RNA"
"ZNF583",-0.125471118490014,0.125471118490016,"four_cell_RNA"
"CPHXL",-0.122527006048315,0.122527006048315,"four_cell_RNA"
"WT1",-0.120757128597098,0.120757128597098,"four_cell_RNA"
"AKAP8",-0.117373389576898,0.117373389576898,"four_cell_RNA"
"SON",-0.112376884970854,0.112376884970854,"four_cell_RNA"
"ZNF100",-0.103997119106019,0.103997119106018,"four_cell_RNA"
"MEF2C",-0.10094960662964,0.10094960662964,"four_cell_RNA"
"ZNF264",-0.0964481778488381,0.0964481778488384,"four_cell_RNA"
"HOXC6",-0.0905112637249208,0.0905112637249209,"four_cell_RNA"
"ZNF680",-0.088500659524544,0.0885006595245437,"four_cell_RNA"
"ZNF230",-0.077204811561159,0.0772048115611571,"four_cell_RNA"
"ZNF592",-0.0741951951220468,0.0741951951220456,"four_cell_RNA"
"ZNF79",-0.0647257886726279,0.064725788672629,"four_cell_RNA"
"ZNF595",-0.059364709624923,0.0593647096249236,"four_cell_RNA"
"ZNF736",-0.052274267540608,0.052274267540608,"four_cell_RNA"
"HOXC9",-0.0522444486486806,0.0522444486486806,"four_cell_RNA"
"ZNF439",-0.0500686654030541,0.0500686654030544,"four_cell_RNA"
"ZNF90",-0.0487770905624798,0.0487770905624798,"four_cell_RNA"
"ZNF888",-0.0466560170593031,0.0466560170593027,"four_cell_RNA"
"ZNF816",-0.0458228371528605,0.0458228371528627,"four_cell_RNA"
"ZNF568",-0.0385786082201408,0.0385786082201408,"four_cell_RNA"
"DDIT3",-0.0347446150673886,0.0347446150673881,"four_cell_RNA"
"ZBTB24",-0.0278468986897592,0.027846898689757,"four_cell_RNA"
"ATF3",-0.024706482298474,0.0247064822984731,"four_cell_RNA"
"ZNF502",-0.0231160285067648,0.0231160285067642,"four_cell_RNA"
"ZNF718",-0.0178060167128065,0.0178060167128062,"four_cell_RNA"
"NKX2-2",-0.0157208634394989,0.015720863439499,"four_cell_RNA"
"FOXI3",-0.929073067261384,0.929073067261383,"maternal_oocyte_RNA"
"KLF4",-0.884482798356786,0.884482798356786,"maternal_oocyte_RNA"
"ZNF527",-0.868513622707839,0.868513622707839,"maternal_oocyte_RNA"
"ZNF552",-0.866035251992291,0.866035251992291,"maternal_oocyte_RNA"
"DLX4",-0.817989646008464,0.817989646008464,"maternal_oocyte_RNA"
"FOXP3",-0.812337355725673,0.812337355725673,"maternal_oocyte_RNA"
"ZNF326",-0.811864718609028,0.811864718609027,"maternal_oocyte_RNA"
"FAM200B",-0.797995310050087,0.797995310050086,"maternal_oocyte_RNA"
"ZBTB7B",-0.796982466140005,0.796982466140004,"maternal_oocyte_RNA"
"NFE2L1",-0.782410673263567,0.782410673263567,"maternal_oocyte_RNA"
"PREB",-0.776550493639792,0.776550493639793,"maternal_oocyte_RNA"
"ZNF480",-0.764420399414582,0.76442039941458,"maternal_oocyte_RNA"
"NFKB2",-0.755724751951704,0.755724751951704,"maternal_oocyte_RNA"
"ZNF124",-0.749531313632765,0.749531313632766,"maternal_oocyte_RNA"
"ZNF750",-0.745734256902013,0.745734256902013,"maternal_oocyte_RNA"
"MBD2",-0.727108365371906,0.727108365371905,"maternal_oocyte_RNA"
"NFIL3",-0.717813830666178,0.717813830666178,"maternal_oocyte_RNA"
"ATF4",-0.713281851350321,0.713281851350326,"maternal_oocyte_RNA"
"GATA2",-0.711289996769922,0.711289996769922,"maternal_oocyte_RNA"
"ELF4",-0.700235319011478,0.700235319011477,"maternal_oocyte_RNA"
"ZNF428",-0.699780321688919,0.699780321688919,"maternal_oocyte_RNA"
"TWIST1",-0.693467383634624,0.693467383634624,"maternal_oocyte_RNA"
"NRL",-0.688150083681463,0.688150083681463,"maternal_oocyte_RNA"
"ZNF146",-0.68781760963508,0.687817609635081,"maternal_oocyte_RNA"
"ASCL2",-0.685742408879679,0.685742408879678,"maternal_oocyte_RNA"
"FOXP1",-0.6439034317067,0.643903431706701,"maternal_oocyte_RNA"
"XBP1",-0.631684974211808,0.631684974211807,"maternal_oocyte_RNA"
"HAND1",-0.611233502277912,0.611233502277912,"maternal_oocyte_RNA"
"CREB3L3",-0.60908032852366,0.60908032852366,"maternal_oocyte_RNA"
"MYBL2",-0.597610172602175,0.597610172602176,"maternal_oocyte_RNA"
"ELF3",-0.595081419819091,0.595081419819091,"maternal_oocyte_RNA"
"PRDM1",-0.594591327758109,0.594591327758108,"maternal_oocyte_RNA"
"TEAD4",-0.590150257729113,0.590150257729113,"maternal_oocyte_RNA"
"ZNF566",-0.58889611538906,0.588896115389062,"maternal_oocyte_RNA"
"INSM1",-0.575368975916109,0.575368975916108,"maternal_oocyte_RNA"
"MTERF4",-0.564059358658612,0.564059358658612,"maternal_oocyte_RNA"
"HOXC8",-0.560880828544224,0.560880828544224,"maternal_oocyte_RNA"
"AIRE",-0.547619058774635,0.547619058774635,"maternal_oocyte_RNA"
"IRF9",-0.524347072460561,0.524347072460562,"maternal_oocyte_RNA"
"GATA3",-0.524119789273442,0.524119789273442,"maternal_oocyte_RNA"
"ESRRA",-0.517250040108008,0.517250040108009,"maternal_oocyte_RNA"
"ZKSCAN3",-0.514386465927736,0.514386465927734,"maternal_oocyte_RNA"
"ZFP42",-0.513965654686134,0.513965654686134,"maternal_oocyte_RNA"
"ERF",-0.508225780023197,0.508225780023197,"maternal_oocyte_RNA"
"PITX3",-0.50515844025725,0.50515844025725,"maternal_oocyte_RNA"
"TFAP2A",-0.502375225222349,0.502375225222349,"maternal_oocyte_RNA"
"NOTO",-0.494812342593211,0.494812342593211,"maternal_oocyte_RNA"
"ZNF66",-0.491378723110185,0.491378723110185,"maternal_oocyte_RNA"
"DLX3",-0.487617342058327,0.487617342058327,"maternal_oocyte_RNA"
"TBX3",-0.486597956411733,0.486597956411733,"maternal_oocyte_RNA"
"HIC2",-0.480345629932931,0.480345629932934,"maternal_oocyte_RNA"
"ZNF440",-0.47763163502934,0.477631635029341,"maternal_oocyte_RNA"
"TBX2",-0.474370754128458,0.474370754128458,"maternal_oocyte_RNA"
"DLX6",-0.467629058107577,0.467629058107577,"maternal_oocyte_RNA"
"ASCL4",-0.465815204438915,0.465815204438915,"maternal_oocyte_RNA"
"ARID3A",-0.464519526368617,0.464519526368615,"maternal_oocyte_RNA"
"HOXB4",-0.461474667612202,0.461474667612202,"maternal_oocyte_RNA"
"GCM1",-0.458961278025881,0.458961278025881,"maternal_oocyte_RNA"
"LHX9",-0.454808281236202,0.454808281236202,"maternal_oocyte_RNA"
"ZNF655",-0.447009692459899,0.4470096924599,"maternal_oocyte_RNA"
"TFCP2L1",-0.439137796024749,0.43913779602475,"maternal_oocyte_RNA"
"MEIS1",-0.427397122188092,0.427397122188092,"maternal_oocyte_RNA"
"MSGN1",-0.421098942393892,0.421098942393892,"maternal_oocyte_RNA"
"FOXI1",-0.407915067517463,0.407915067517463,"maternal_oocyte_RNA"
"MSX2",-0.407575349547482,0.407575349547483,"maternal_oocyte_RNA"
"PAX2",-0.399834052713188,0.399834052713188,"maternal_oocyte_RNA"
"CDX2",-0.398851405950288,0.398851405950288,"maternal_oocyte_RNA"
"PPARG",-0.395703034462179,0.395703034462179,"maternal_oocyte_RNA"
"GATA4",-0.393055835967528,0.393055835967528,"maternal_oocyte_RNA"
"KDM2A",-0.390466006927932,0.390466006927934,"maternal_oocyte_RNA"
"HNF4A",-0.389492042193693,0.389492042193693,"maternal_oocyte_RNA"
"STAT4",-0.388104884423034,0.388104884423034,"maternal_oocyte_RNA"
"DLX5",-0.36820003238226,0.36820003238226,"maternal_oocyte_RNA"
"ASCL5",-0.361420857223011,0.361420857223011,"maternal_oocyte_RNA"
"TET1",-0.357724306292792,0.357724306292794,"maternal_oocyte_RNA"
"SOX17",-0.349532994169619,0.349532994169619,"maternal_oocyte_RNA"
"MBD6",-0.349510969641586,0.349510969641585,"maternal_oocyte_RNA"
"TERF2",-0.343693895033187,0.343693895033188,"maternal_oocyte_RNA"
"CEBPD",-0.337160178312102,0.337160178312102,"maternal_oocyte_RNA"
"NR2F2",-0.331059139558041,0.331059139558042,"maternal_oocyte_RNA"
"ASCL3",-0.329376606696531,0.329376606696531,"maternal_oocyte_RNA"
"SMAD9",-0.327440187858623,0.327440187858623,"maternal_oocyte_RNA"
"TET2",-0.308499734334852,0.308499734334852,"maternal_oocyte_RNA"
"CDX1",-0.29990056654673,0.29990056654673,"maternal_oocyte_RNA"
"LMX1A",-0.298717704190582,0.298717704190582,"maternal_oocyte_RNA"
"POU3F4",-0.297802988079714,0.297802988079714,"maternal_oocyte_RNA"
"DPF3",-0.28934159002849,0.289341590028491,"maternal_oocyte_RNA"
"HES4",-0.281027741013153,0.281027741013153,"maternal_oocyte_RNA"
"JUNB",-0.278863653619303,0.278863653619303,"maternal_oocyte_RNA"
"ATF5",-0.252880042181937,0.252880042181937,"maternal_oocyte_RNA"
"ZNF598",-0.249154548155085,0.249154548155086,"maternal_oocyte_RNA"
"RUNX1",-0.244326980316571,0.244326980316571,"maternal_oocyte_RNA"
"POU5F2",-0.242013832414747,0.242013832414746,"maternal_oocyte_RNA"
"BCL6",-0.23959308947421,0.239593089474209,"maternal_oocyte_RNA"
"SP5",-0.236744876515375,0.236744876515375,"maternal_oocyte_RNA"
"ZNF471",-0.23453852571075,0.23453852571075,"maternal_oocyte_RNA"
"PROX1",-0.222650737199272,0.222650737199272,"maternal_oocyte_RNA"
"PITX2",-0.215878086835296,0.215878086835296,"maternal_oocyte_RNA"
"USF3",-0.211454706614643,0.211454706614642,"maternal_oocyte_RNA"
"SALL4",-0.210080637308521,0.210080637308519,"maternal_oocyte_RNA"
"NFE2",-0.202258914956607,0.202258914956607,"maternal_oocyte_RNA"
"HNF1B",-0.196635436496818,0.196635436496819,"maternal_oocyte_RNA"
"MBD3",-0.195399776423552,0.195399776423553,"maternal_oocyte_RNA"
"ZNF404",-0.193417723803876,0.193417723803876,"maternal_oocyte_RNA"
"GMEB2",-0.184327381290263,0.184327381290261,"maternal_oocyte_RNA"
"ZNF366",-0.173418036722407,0.173418036722408,"maternal_oocyte_RNA"
"TFEB",-0.169744569536772,0.169744569536772,"maternal_oocyte_RNA"
"BARHL1",-0.164768238098899,0.164768238098899,"maternal_oocyte_RNA"
"ZNF517",-0.164477920402876,0.164477920402876,"maternal_oocyte_RNA"
"ZNF726",-0.158426794885797,0.158426794885797,"maternal_oocyte_RNA"
"VAX2",-0.14463113447375,0.14463113447375,"maternal_oocyte_RNA"
"USF2",-0.13313746062955,0.133137460629544,"maternal_oocyte_RNA"
"ARID5B",-0.128574905535413,0.128574905535413,"maternal_oocyte_RNA"
"ZNF114",-0.116872882074052,0.116872882074052,"maternal_oocyte_RNA"
"ETV7",-0.113886193020984,0.113886193020983,"maternal_oocyte_RNA"
"ZNF729",-0.0614937110635423,0.0614937110635423,"maternal_oocyte_RNA"
"FOXD3",-0.0535222941084627,0.0535222941084628,"maternal_oocyte_RNA"
"ZNF706",-0.0328144080658502,0.0328144080658488,"maternal_oocyte_RNA"
"LMX1B",-0.0322328770615641,0.0322328770615644,"maternal_oocyte_RNA"
"MNX1",-0.0285875165350166,0.0285875165350171,"maternal_oocyte_RNA"
"ZNF804A",-0.0231789563218136,0.0231789563218137,"maternal_oocyte_RNA"
"CEBPA",-0.0156041839567647,0.0156041839567646,"maternal_oocyte_RNA"
"MYOG",-0.00354320987846045,0.00354320987846024,"maternal_oocyte_RNA"
"ZNF765",-0.837907611136896,0.837907611136896,"maternal_1C_2C_RNA"
"ZNF565",-0.826939968616891,0.82693996861689,"maternal_1C_2C_RNA"
"NKX3-1",-0.824596974458347,0.824596974458347,"maternal_1C_2C_RNA"
"ZFAT",-0.806005411588755,0.806005411588754,"maternal_1C_2C_RNA"
"ZNF200",-0.787302144213448,0.787302144213448,"maternal_1C_2C_RNA"
"RELA",-0.78477096426694,0.784770964266939,"maternal_1C_2C_RNA"
"TCF7",-0.784244803210621,0.784244803210622,"maternal_1C_2C_RNA"
"NKX6-1",-0.779437784426182,0.779437784426182,"maternal_1C_2C_RNA"
"ZNF143",-0.776151786216234,0.776151786216233,"maternal_1C_2C_RNA"
"POU4F1",-0.765408868275495,0.765408868275495,"maternal_1C_2C_RNA"
"ZNF561",-0.761027305051905,0.761027305051906,"maternal_1C_2C_RNA"
"ZNF778",-0.757554310518236,0.757554310518236,"maternal_1C_2C_RNA"
"DPF1",-0.742933078876694,0.742933078876694,"maternal_1C_2C_RNA"
"ZNF814",-0.725363094770018,0.725363094770017,"maternal_1C_2C_RNA"
"ZNF600",-0.72531393147685,0.72531393147685,"maternal_1C_2C_RNA"
"MITF",-0.71892215733411,0.71892215733411,"maternal_1C_2C_RNA"
"JDP2",-0.704386805554721,0.704386805554721,"maternal_1C_2C_RNA"
"SKOR2",-0.702592539150574,0.702592539150574,"maternal_1C_2C_RNA"
"NFATC3",-0.698959415280569,0.69895941528057,"maternal_1C_2C_RNA"
"TLX2",-0.696671772593137,0.696671772593136,"maternal_1C_2C_RNA"
"ZNF17",-0.693035013179642,0.693035013179641,"maternal_1C_2C_RNA"
"RLF",-0.692672606693263,0.692672606693262,"maternal_1C_2C_RNA"
"FOXO1",-0.691554618699585,0.691554618699583,"maternal_1C_2C_RNA"
"ZNF235",-0.689618133967381,0.689618133967381,"maternal_1C_2C_RNA"
"ZSCAN5A",-0.679358700957118,0.679358700957118,"maternal_1C_2C_RNA"
"FOXD4",-0.662521929460137,0.662521929460137,"maternal_1C_2C_RNA"
"ZNF107",-0.654628848565951,0.65462884856595,"maternal_1C_2C_RNA"
"ZHX1",-0.654580072995017,0.654580072995018,"maternal_1C_2C_RNA"
"THRA",-0.636512338035364,0.636512338035361,"maternal_1C_2C_RNA"
"SP3",-0.618940641916271,0.618940641916267,"maternal_1C_2C_RNA"
"PRDM4",-0.616567829513894,0.616567829513894,"maternal_1C_2C_RNA"
"ZSCAN5C",-0.601220568432287,0.601220568432286,"maternal_1C_2C_RNA"
"ZNF490",-0.587690238321228,0.587690238321226,"maternal_1C_2C_RNA"
"ZNF497",-0.58525325470479,0.585253254704789,"maternal_1C_2C_RNA"
"NCOA2",-0.580213321372734,0.580213321372732,"maternal_1C_2C_RNA"
"ARX",-0.577417759166771,0.57741775916677,"maternal_1C_2C_RNA"
"ZNF597",-0.575483246352304,0.575483246352304,"maternal_1C_2C_RNA"
"ZNF607",-0.562048331066593,0.562048331066594,"maternal_1C_2C_RNA"
"NR3C2",-0.548056293377523,0.548056293377523,"maternal_1C_2C_RNA"
"ZNF292",-0.53627227784065,0.536272277840649,"maternal_1C_2C_RNA"
"NKX2-1",-0.534751721478393,0.534751721478393,"maternal_1C_2C_RNA"
"ZNF845",-0.533731243206774,0.533731243206773,"maternal_1C_2C_RNA"
"ZNF507",-0.522429437288039,0.522429437288039,"maternal_1C_2C_RNA"
"ZNF341",-0.519353020516235,0.519353020516234,"maternal_1C_2C_RNA"
"NKX2-3",-0.51349195693336,0.51349195693336,"maternal_1C_2C_RNA"
"ZNF526",-0.501379641154897,0.501379641154897,"maternal_1C_2C_RNA"
"ZNF57",-0.482197964770405,0.482197964770406,"maternal_1C_2C_RNA"
"HOXB5",-0.478787165406096,0.478787165406096,"maternal_1C_2C_RNA"
"RFX8",-0.477188739848972,0.477188739848973,"maternal_1C_2C_RNA"
"ZNF395",-0.473579600543979,0.473579600543978,"maternal_1C_2C_RNA"
"HOXB6",-0.468698458871823,0.468698458871823,"maternal_1C_2C_RNA"
"NCOA1",-0.46449891752136,0.464498917521361,"maternal_1C_2C_RNA"
"ZNF584",-0.462022649057161,0.46202264905716,"maternal_1C_2C_RNA"
"RORC",-0.460577918776881,0.460577918776881,"maternal_1C_2C_RNA"
"ZNF304",-0.45905336565122,0.45905336565122,"maternal_1C_2C_RNA"
"ZNF324",-0.456897444300038,0.456897444300038,"maternal_1C_2C_RNA"
"ZNF426",-0.444575496868562,0.444575496868561,"maternal_1C_2C_RNA"
"ZNF211",-0.443631479263822,0.443631479263822,"maternal_1C_2C_RNA"
"DMRT1",-0.443305838002555,0.443305838002555,"maternal_1C_2C_RNA"
"IRF1",-0.438483657854654,0.438483657854655,"maternal_1C_2C_RNA"
"ZFHX3",-0.432501012145795,0.432501012145795,"maternal_1C_2C_RNA"
"NFIC",-0.426935987561215,0.426935987561215,"maternal_1C_2C_RNA"
"NR2E1",-0.422590355595797,0.422590355595797,"maternal_1C_2C_RNA"
"ZNF570",-0.420351772063607,0.420351772063607,"maternal_1C_2C_RNA"
"LCOR",-0.411355872247986,0.411355872247985,"maternal_1C_2C_RNA"
"HAND2",-0.409309279455341,0.409309279455341,"maternal_1C_2C_RNA"
"NACC2",-0.388087874129531,0.388087874129531,"maternal_1C_2C_RNA"
"ELF1",-0.387390638913666,0.387390638913667,"maternal_1C_2C_RNA"
"FOXE3",-0.384013174974147,0.384013174974147,"maternal_1C_2C_RNA"
"MSANTD1",-0.382130381275711,0.382130381275711,"maternal_1C_2C_RNA"
"ZKSCAN5",-0.366317619003855,0.366317619003857,"maternal_1C_2C_RNA"
"ZBTB16",-0.351731288018475,0.351731288018476,"maternal_1C_2C_RNA"
"DBX1",-0.350288368921541,0.350288368921541,"maternal_1C_2C_RNA"
"ZNF512B",-0.346543727251174,0.346543727251173,"maternal_1C_2C_RNA"
"ELF5",-0.335341820523038,0.335341820523038,"maternal_1C_2C_RNA"
"ZNF564",-0.328468968764482,0.328468968764483,"maternal_1C_2C_RNA"
"PROX2",-0.32741241820511,0.32741241820511,"maternal_1C_2C_RNA"
"ZNF761",-0.326506817194165,0.326506817194166,"maternal_1C_2C_RNA"
"ZSCAN25",-0.321552589967457,0.321552589967458,"maternal_1C_2C_RNA"
"ZNF525",-0.305528148890462,0.305528148890464,"maternal_1C_2C_RNA"
"ZSCAN20",-0.305189978669954,0.305189978669954,"maternal_1C_2C_RNA"
"HES5",-0.304394703610661,0.304394703610661,"maternal_1C_2C_RNA"
"ZNF227",-0.303168272558853,0.303168272558854,"maternal_1C_2C_RNA"
"CDC5L",-0.302258562520039,0.302258562520041,"maternal_1C_2C_RNA"
"HOXB1",-0.299149663106691,0.299149663106691,"maternal_1C_2C_RNA"
"HOXA9",-0.2844850654872,0.2844850654872,"maternal_1C_2C_RNA"
"HOXA1",-0.281961317880433,0.281961317880433,"maternal_1C_2C_RNA"
"ZNF503",-0.276909830624757,0.276909830624757,"maternal_1C_2C_RNA"
"HOXA2",-0.271723397803726,0.271723397803726,"maternal_1C_2C_RNA"
"ZNF182",-0.268866580063255,0.268866580063255,"maternal_1C_2C_RNA"
"MIXL1",-0.265994855816789,0.265994855816789,"maternal_1C_2C_RNA"
"ZNF560",-0.261269427817246,0.261269427817246,"maternal_1C_2C_RNA"
"ESX1",-0.257618639320245,0.257618639320245,"maternal_1C_2C_RNA"
"GMEB1",-0.256607020667488,0.25660702066749,"maternal_1C_2C_RNA"
"POU4F3",-0.251490448656805,0.251490448656806,"maternal_1C_2C_RNA"
"TBX21",-0.247290486896791,0.247290486896792,"maternal_1C_2C_RNA"
"FOXI2",-0.243205485925031,0.24320548592503,"maternal_1C_2C_RNA"
"NKX2-8",-0.234027596683827,0.234027596683827,"maternal_1C_2C_RNA"
"SOX6",-0.228529223834254,0.228529223834254,"maternal_1C_2C_RNA"
"ZNF585B",-0.217805635169375,0.217805635169375,"maternal_1C_2C_RNA"
"TSHZ2",-0.216314334149528,0.216314334149527,"maternal_1C_2C_RNA"
"HESX1",-0.209665172381985,0.209665172381985,"maternal_1C_2C_RNA"
"FOXC2",-0.201356388550993,0.201356388550993,"maternal_1C_2C_RNA"
"ZNF45",-0.198244600799699,0.198244600799699,"maternal_1C_2C_RNA"
"ZNF10",-0.195490107037518,0.195490107037518,"maternal_1C_2C_RNA"
"ZNF705A",-0.186117284187385,0.186117284187385,"maternal_1C_2C_RNA"
"ZNF415",-0.172501287629588,0.17250128762959,"maternal_1C_2C_RNA"
"SLC2A4RG",-0.164092236045346,0.164092236045344,"maternal_1C_2C_RNA"
"ZNF850",-0.163112979587622,0.163112979587622,"maternal_1C_2C_RNA"
"FOXB1",-0.161322267447121,0.161322267447122,"maternal_1C_2C_RNA"
"IRF5",-0.160457107631039,0.160457107631039,"maternal_1C_2C_RNA"
"SALL3",-0.159640311510979,0.159640311510979,"maternal_1C_2C_RNA"
"LHX3",-0.158954817066278,0.158954817066278,"maternal_1C_2C_RNA"
"ZBTB45",-0.157116141946454,0.157116141946453,"maternal_1C_2C_RNA"
"ZNF543",-0.140773638929203,0.140773638929204,"maternal_1C_2C_RNA"
"ZBTB6",-0.136084342956822,0.136084342956821,"maternal_1C_2C_RNA"
"ZNF774",-0.135806586149736,0.135806586149736,"maternal_1C_2C_RNA"
"ZFP69B",-0.135420050278345,0.135420050278345,"maternal_1C_2C_RNA"
"CAMTA2",-0.132883652629658,0.132883652629656,"maternal_1C_2C_RNA"
"ZNF425",-0.129745759458387,0.129745759458385,"maternal_1C_2C_RNA"
"UNCX",-0.124294488269349,0.124294488269349,"maternal_1C_2C_RNA"
"ZNF443",-0.118168389127756,0.118168389127757,"maternal_1C_2C_RNA"
"ZNF574",-0.11389507735853,0.113895077358531,"maternal_1C_2C_RNA"
"EMX2",-0.106731449707591,0.106731449707591,"maternal_1C_2C_RNA"
"PHOX2B",-0.101658607698261,0.101658607698261,"maternal_1C_2C_RNA"
"ZNF320",-0.0993909148036605,0.09939091480366,"maternal_1C_2C_RNA"
"PLAGL2",-0.0983526041165457,0.0983526041165448,"maternal_1C_2C_RNA"
"ZNF142",-0.0946685521975585,0.0946685521975583,"maternal_1C_2C_RNA"
"ZNF573",-0.0819919068040258,0.0819919068040266,"maternal_1C_2C_RNA"
"ZNF865",-0.0721032199205954,0.0721032199205929,"maternal_1C_2C_RNA"
"ZNF550",-0.0669898952467065,0.0669898952467078,"maternal_1C_2C_RNA"
"NEUROD1",-0.0573549968801213,0.0573549968801212,"maternal_1C_2C_RNA"
"CLOCK",-0.0560962363201196,0.056096236320122,"maternal_1C_2C_RNA"
"TERB1",-0.0522382959753272,0.0522382959753273,"maternal_1C_2C_RNA"
"ZNF229",-0.0508201986498807,0.0508201986498805,"maternal_1C_2C_RNA"
"ZNF184",-0.0504859464074952,0.050485946407492,"maternal_1C_2C_RNA"
"ZNF14",-0.0491446207670056,0.0491446207670032,"maternal_1C_2C_RNA"
"ZNF571",-0.0475729188436013,0.0475729188436008,"maternal_1C_2C_RNA"
"PLAGL1",-0.0408151992892221,0.040815199289222,"maternal_1C_2C_RNA"
"FOXN4",-0.0370653831277413,0.0370653831277424,"maternal_1C_2C_RNA"
"ZNF416",-0.0356571709621397,0.0356571709621405,"maternal_1C_2C_RNA"
"ZNF470",-0.0350775947154193,0.0350775947154208,"maternal_1C_2C_RNA"
"ZNF689",-0.0284682113295868,0.0284682113295866,"maternal_1C_2C_RNA"
"SNAI3",-0.0267159683208661,0.0267159683208649,"maternal_1C_2C_RNA"
"OTX2",-0.0256582028151158,0.025658202815116,"maternal_1C_2C_RNA"
"PKNOX1",-0.0251045100171393,0.0251045100171417,"maternal_1C_2C_RNA"
"CHAMP1",-0.0249857815399758,0.0249857815399771,"maternal_1C_2C_RNA"
"SETDB1",-0.0168218359627986,0.0168218359627993,"maternal_1C_2C_RNA"
"ZNF83",-0.0098398279218905,0.00983982792189062,"maternal_1C_2C_RNA"
"FOXP4",-0.00862044901170382,0.00862044901170272,"maternal_1C_2C_RNA"
"HOXD10",-0.00801215799526128,0.00801215799526128,"maternal_1C_2C_RNA"
"ZNF132",-0.00364532271534093,0.00364532271534124,"maternal_1C_2C_RNA"
"OTX1",-0.00250119500857705,0.00250119500857719,"maternal_1C_2C_RNA"
"ZNF222",-0.000305260214262457,0.000305260214262703,"maternal_1C_2C_RNA"
"PRDM14",-0.903734977250186,0.903734977250187,"hESC_RNA"
"ZNF780B",-0.821725735191491,0.82172573519149,"hESC_RNA"
"ZNF589",-0.815419433084795,0.815419433084796,"hESC_RNA"
"ZNF511",-0.8058297748019,0.8058297748019,"hESC_RNA"
"STAT3",-0.797089317476244,0.797089317476245,"hESC_RNA"
"RFX1",-0.787215908221976,0.787215908221975,"hESC_RNA"
"PA2G4",-0.784249252680805,0.784249252680806,"hESC_RNA"
"ETS1",-0.781147622705801,0.781147622705801,"hESC_RNA"
"ZNF232",-0.777199615698709,0.777199615698709,"hESC_RNA"
"GLI1",-0.774110831509471,0.774110831509471,"hESC_RNA"
"ZNF442",-0.767530510585882,0.767530510585882,"hESC_RNA"
"ZNF233",-0.74499476377762,0.74499476377762,"hESC_RNA"
"PBX1",-0.744692838039378,0.744692838039378,"hESC_RNA"
"IRF3",-0.743570316121078,0.743570316121078,"hESC_RNA"
"RFX3",-0.742817586786296,0.742817586786296,"hESC_RNA"
"CXXC1",-0.724573920666179,0.72457392066618,"hESC_RNA"
"SAFB2",-0.723936449361258,0.723936449361259,"hESC_RNA"
"ZNF695",-0.712638905571514,0.712638905571514,"hESC_RNA"
"KLF7",-0.707782738012418,0.707782738012419,"hESC_RNA"
"SKIL",-0.695640044194716,0.695640044194716,"hESC_RNA"
"ZNF462",-0.691175231004544,0.691175231004544,"hESC_RNA"
"RBPJ",-0.688065344547896,0.688065344547895,"hESC_RNA"
"BCL11A",-0.683734524975387,0.683734524975386,"hESC_RNA"
"CENPX",-0.683479503271738,0.68347950327174,"hESC_RNA"
"FOXA3",-0.677871458335197,0.677871458335196,"hESC_RNA"
"DRAP1",-0.667353035792074,0.667353035792075,"hESC_RNA"
"ZNF653",-0.653525567062694,0.653525567062693,"hESC_RNA"
"HSF1",-0.651328374154148,0.651328374154153,"hESC_RNA"
"GLI2",-0.64626875262479,0.646268752624789,"hESC_RNA"
"ZNF195",-0.627254497150096,0.627254497150101,"hESC_RNA"
"ZNF780A",-0.626128216537026,0.626128216537025,"hESC_RNA"
"PLSCR1",-0.61258472359586,0.61258472359586,"hESC_RNA"
"ZNF763",-0.610185028346783,0.610185028346783,"hESC_RNA"
"FOSL1",-0.60674693658703,0.606746936587029,"hESC_RNA"
"ZNF446",-0.605722317130022,0.605722317130022,"hESC_RNA"
"PRRX2",-0.599709654326055,0.599709654326056,"hESC_RNA"
"NME2",-0.59603942448888,0.596039424488878,"hESC_RNA"
"CREB3",-0.587489934932343,0.587489934932345,"hESC_RNA"
"NFYB",-0.585823454940557,0.585823454940558,"hESC_RNA"
"E2F7",-0.581569264804642,0.58156926480464,"hESC_RNA"
"HMGN3",-0.581235634604905,0.581235634604904,"hESC_RNA"
"ZNF460",-0.579140293138307,0.579140293138308,"hESC_RNA"
"ZNF625",-0.578654103554222,0.578654103554222,"hESC_RNA"
"LIN28A",-0.572486552696134,0.572486552696132,"hESC_RNA"
"TP53",-0.563979075325011,0.563979075325011,"hESC_RNA"
"SRF",-0.562229601258192,0.562229601258192,"hESC_RNA"
"ZNF620",-0.546557254276355,0.546557254276353,"hESC_RNA"
"CHCHD3",-0.546296702948343,0.546296702948344,"hESC_RNA"
"ZNF648",-0.545580863813276,0.545580863813276,"hESC_RNA"
"ZNF75A",-0.541331100871706,0.541331100871704,"hESC_RNA"
"ZFP64",-0.537483224154714,0.537483224154712,"hESC_RNA"
"ZNF749",-0.534236360148382,0.534236360148381,"hESC_RNA"
"MSANTD4",-0.533300379802831,0.533300379802832,"hESC_RNA"
"ZNF608",-0.522667281277897,0.522667281277898,"hESC_RNA"
"YBX3",-0.516661878766573,0.516661878766571,"hESC_RNA"
"ZBTB25",-0.501835992186017,0.501835992186017,"hESC_RNA"
"ZNF671",-0.491931246345892,0.491931246345893,"hESC_RNA"
"ZNF793",-0.485868275212364,0.485868275212364,"hESC_RNA"
"E2F4",-0.477583857999107,0.477583857999106,"hESC_RNA"
"MAZ",-0.476722099198403,0.476722099198403,"hESC_RNA"
"HIF1A",-0.474319879195065,0.474319879195069,"hESC_RNA"
"ETV6",-0.471891362138023,0.471891362138024,"hESC_RNA"
"PCGF2",-0.470381715402267,0.470381715402269,"hESC_RNA"
"ZNF544",-0.466000381226794,0.466000381226795,"hESC_RNA"
"ZNF75D",-0.461715158977563,0.461715158977563,"hESC_RNA"
"ZNF286A",-0.453137280209673,0.453137280209673,"hESC_RNA"
"ZNF594",-0.44627200136782,0.446272001367821,"hESC_RNA"
"BNC2",-0.440640282201713,0.440640282201713,"hESC_RNA"
"FOXH1",-0.440503632039341,0.44050363203934,"hESC_RNA"
"SP110",-0.428533762875764,0.428533762875763,"hESC_RNA"
"POU2F3",-0.428305309025366,0.428305309025366,"hESC_RNA"
"NKX6-3",-0.425530685391665,0.425530685391665,"hESC_RNA"
"ZNF644",-0.418525679746255,0.418525679746252,"hESC_RNA"
"SPIB",-0.411675868358998,0.411675868358998,"hESC_RNA"
"ZNF35",-0.409952751654067,0.409952751654067,"hESC_RNA"
"GLIS1",-0.403785065420487,0.403785065420487,"hESC_RNA"
"RBCK1",-0.403710175667316,0.403710175667315,"hESC_RNA"
"ZNF483",-0.400302933761038,0.400302933761038,"hESC_RNA"
"TFAP2E",-0.397817560298307,0.397817560298307,"hESC_RNA"
"ZNF3",-0.386427482719469,0.386427482719468,"hESC_RNA"
"FBXL19",-0.385798934411371,0.385798934411373,"hESC_RNA"
"ZNF836",-0.375763919773033,0.375763919773033,"hESC_RNA"
"GTF2IRD2B",-0.361861689014093,0.361861689014093,"hESC_RNA"
"IRX2",-0.358958940668587,0.358958940668586,"hESC_RNA"
"ZNF708",-0.358227040020014,0.358227040020012,"hESC_RNA"
"ZIC3",-0.350183120171007,0.350183120171007,"hESC_RNA"
"ZNF33B",-0.336892315074236,0.336892315074235,"hESC_RNA"
"ZNF286B",-0.333910034977212,0.333910034977213,"hESC_RNA"
"NFX1",-0.331576573910583,0.331576573910582,"hESC_RNA"
"ZNF697",-0.327239560619702,0.3272395606197,"hESC_RNA"
"THAP3",-0.327189494187836,0.327189494187836,"hESC_RNA"
"CEBPZ",-0.325985861058605,0.325985861058604,"hESC_RNA"
"GLMP",-0.308943800817361,0.30894380081736,"hESC_RNA"
"ZNF500",-0.295933455181462,0.295933455181464,"hESC_RNA"
"DRGX",-0.29029853987783,0.29029853987783,"hESC_RNA"
"NKX1-2",-0.279841996389023,0.279841996389023,"hESC_RNA"
"HMGA1",-0.255822534715881,0.255822534715879,"hESC_RNA"
"TCF7L1",-0.219130016499006,0.219130016499007,"hESC_RNA"
"SRY",-0.207848741972645,0.207848741972645,"hESC_RNA"
"ZNF563",-0.206047102317591,0.206047102317591,"hESC_RNA"
"NR1H3",-0.204147367600929,0.204147367600932,"hESC_RNA"
"SGSM2",-0.202556083052136,0.202556083052133,"hESC_RNA"
"ZNF112",-0.200452903177612,0.20045290317761,"hESC_RNA"
"GZF1",-0.196909104925309,0.196909104925309,"hESC_RNA"
"MSC",-0.192054954749539,0.192054954749538,"hESC_RNA"
"IRF7",-0.189605442823677,0.189605442823677,"hESC_RNA"
"ZNF567",-0.188858878328294,0.188858878328293,"hESC_RNA"
"ZNF81",-0.183194051915494,0.183194051915497,"hESC_RNA"
"TAL2",-0.171081285213514,0.171081285213514,"hESC_RNA"
"ZNF48",-0.170841852028279,0.170841852028277,"hESC_RNA"
"ZFP62",-0.170151823476304,0.170151823476301,"hESC_RNA"
"SOX12",-0.1632732739362,0.163273273936202,"hESC_RNA"
"ZNF688",-0.160482055163201,0.160482055163199,"hESC_RNA"
"SP140L",-0.160376719898411,0.160376719898411,"hESC_RNA"
"SNAI2",-0.151852671620296,0.151852671620296,"hESC_RNA"
"DNTTIP1",-0.151407232371554,0.151407232371554,"hESC_RNA"
"ZNF484",-0.148968708589513,0.148968708589512,"hESC_RNA"
"RORA",-0.147861660453417,0.147861660453417,"hESC_RNA"
"ZNF613",-0.145537855395528,0.145537855395528,"hESC_RNA"
"ZNF687",-0.140930127786117,0.140930127786117,"hESC_RNA"
"ZXDB",-0.131164527017583,0.131164527017581,"hESC_RNA"
"EBF4",-0.1143442489394,0.1143442489394,"hESC_RNA"
"TERF1",-0.11360211149929,0.113602111499291,"hESC_RNA"
"MKX",-0.1008830454467,0.1008830454467,"hESC_RNA"
"ZNF207",-0.0987925585583488,0.0987925585583509,"hESC_RNA"
"TIGD1",-0.0984358833357216,0.0984358833357202,"hESC_RNA"
"ZNF714",-0.0966592804834057,0.0966592804834058,"hESC_RNA"
"BPTF",-0.0937903214214677,0.0937903214214678,"hESC_RNA"
"ZNF577",-0.0902552883668005,0.0902552883668002,"hESC_RNA"
"HMGA2",-0.0781324890954774,0.078132489095476,"hESC_RNA"
"ZNF792",-0.0779497900491484,0.077949790049146,"hESC_RNA"
"ALX1",-0.0775087303032249,0.0775087303032248,"hESC_RNA"
"ZNF551",-0.0712271141804222,0.071227114180421,"hESC_RNA"
"CIC",-0.0502609755487941,0.0502609755487917,"hESC_RNA"
"MYCN",-0.0382788263930234,0.0382788263930218,"hESC_RNA"
"GTF2IRD2",-0.0331809252978665,0.0331809252978663,"hESC_RNA"
"POU5F1",-0.0191852561711975,0.0191852561711989,"hESC_RNA"
"KDM2B",-0.0124353533912029,0.0124353533911996,"hESC_RNA"
"STAT2",-0.0110800949303716,0.0110800949303696,"hESC_RNA"
"ZFY",-0.00649061132148024,0.00649061132148032,"hESC_RNA"
"GLYR1",-0.00261669482247448,0.00261669482247151,"hESC_RNA"
"MLX",-0.914917513056743,0.914917513056743,"ICM_RNA"
"SOX15",-0.86165704478465,0.86165704478465,"ICM_RNA"
"ZC3H8",-0.822580640873247,0.822580640873246,"ICM_RNA"
"SKOR1",-0.753217056479514,0.753217056479515,"ICM_RNA"
"SP2",-0.743289511214607,0.74328951121461,"ICM_RNA"
"NKX2-4",-0.73518607742232,0.73518607742232,"ICM_RNA"
"MYPOP",-0.73255146193268,0.732551461932678,"ICM_RNA"
"ZNF524",-0.730720260785947,0.730720260785947,"ICM_RNA"
"ATF2",-0.712392120971281,0.712392120971281,"ICM_RNA"
"SOX7",-0.691074996518075,0.691074996518075,"ICM_RNA"
"DMRTB1",-0.675713929105384,0.675713929105384,"ICM_RNA"
"ZNF76",-0.671112794633162,0.67111279463316,"ICM_RNA"
"PCGF6",-0.663667846277139,0.663667846277142,"ICM_RNA"
"ZBTB2",-0.6585932469473,0.658593246947301,"ICM_RNA"
"NKX2-6",-0.641797612363993,0.641797612363993,"ICM_RNA"
"TBPL1",-0.639130136687629,0.639130136687628,"ICM_RNA"
"ZNF528",-0.632409766778891,0.632409766778891,"ICM_RNA"
"MGA",-0.624680757460386,0.624680757460384,"ICM_RNA"
"KLF2",-0.598669760066605,0.598669760066606,"ICM_RNA"
"MAFK",-0.594167408820289,0.594167408820287,"ICM_RNA"
"OSR1",-0.58559158224558,0.58559158224558,"ICM_RNA"
"HHEX",-0.579506942304382,0.579506942304382,"ICM_RNA"
"ZNF860",-0.576883468021276,0.576883468021275,"ICM_RNA"
"BARX2",-0.569392049025196,0.569392049025196,"ICM_RNA"
"ZNF654",-0.568321087743313,0.568321087743313,"ICM_RNA"
"EBF1",-0.5381215023823,0.5381215023823,"ICM_RNA"
"ZNF468",-0.534215032157315,0.534215032157316,"ICM_RNA"
"FOXO4",-0.530441405868751,0.53044140586875,"ICM_RNA"
"ZNF513",-0.517748951601507,0.517748951601508,"ICM_RNA"
"ZNF587B",-0.503355693584877,0.503355693584875,"ICM_RNA"
"THAP5",-0.500153741511091,0.500153741511092,"ICM_RNA"
"HOXA11",-0.493825911888338,0.493825911888338,"ICM_RNA"
"GRHL3",-0.492548865895988,0.492548865895987,"ICM_RNA"
"ZNF491",-0.490998728660431,0.490998728660432,"ICM_RNA"
"HOXB3",-0.489922836357541,0.489922836357541,"ICM_RNA"
"NPAS2",-0.478123157647409,0.478123157647409,"ICM_RNA"
"BHLHE40",-0.472316685453019,0.472316685453019,"ICM_RNA"
"YY2",-0.453261971986229,0.453261971986229,"ICM_RNA"
"SOHLH2",-0.440634553709796,0.440634553709796,"ICM_RNA"
"ZNF610",-0.435594917822556,0.435594917822557,"ICM_RNA"
"KLF11",-0.418834117533365,0.418834117533366,"ICM_RNA"
"ZNF682",-0.400845738656306,0.400845738656306,"ICM_RNA"
"ZNF626",-0.397586985978579,0.397586985978578,"ICM_RNA"
"THAP10",-0.392199225739432,0.392199225739432,"ICM_RNA"
"NR1H4",-0.388930881968088,0.388930881968088,"ICM_RNA"
"TP63",-0.384402213658553,0.384402213658553,"ICM_RNA"
"FOXP2",-0.384163471220903,0.384163471220903,"ICM_RNA"
"ZBTB49",-0.3794202866668,0.379420286666801,"ICM_RNA"
"ZNF831",-0.374889103873409,0.374889103873409,"ICM_RNA"
"ST18",-0.372520420761081,0.372520420761081,"ICM_RNA"
"TRAFD1",-0.364878114468047,0.364878114468049,"ICM_RNA"
"KMT2B",-0.328369955225179,0.328369955225179,"ICM_RNA"
"ZNF547",-0.317596256090262,0.317596256090262,"ICM_RNA"
"ZNF281",-0.316191768612716,0.316191768612717,"ICM_RNA"
"MYNN",-0.31235097583392,0.312350975833919,"ICM_RNA"
"ZNF559",-0.306635421329574,0.306635421329576,"ICM_RNA"
"FOSL2",-0.300286166674277,0.300286166674276,"ICM_RNA"
"ZKSCAN7",-0.296262833044193,0.296262833044194,"ICM_RNA"
"GRHL1",-0.295917236661329,0.295917236661329,"ICM_RNA"
"ZBTB21",-0.288343037463998,0.288343037463998,"ICM_RNA"
"ZNF101",-0.279790649597985,0.279790649597986,"ICM_RNA"
"ZNF677",-0.277529500689751,0.277529500689751,"ICM_RNA"
"ZNF540",-0.270227799576247,0.270227799576247,"ICM_RNA"
"TFAP2B",-0.259715662008465,0.259715662008465,"ICM_RNA"
"MESP1",-0.251165791818987,0.251165791818986,"ICM_RNA"
"HOXC5",-0.25,0.25,"ICM_RNA"
"ZIM2",-0.25,0.25,"ICM_RNA"
"ZFPM2",-0.231374882455609,0.231374882455609,"ICM_RNA"
"OTP",-0.226863483958299,0.226863483958299,"ICM_RNA"
"NFATC2",-0.225490521051927,0.225490521051926,"ICM_RNA"
"DMRTA1",-0.223580749032415,0.223580749032416,"ICM_RNA"
"PAX3",-0.221527295452777,0.221527295452777,"ICM_RNA"
"BCL11B",-0.217081195915208,0.217081195915208,"ICM_RNA"
"ISX",-0.215791459549031,0.215791459549031,"ICM_RNA"
"ZNF280D",-0.210106825911186,0.210106825911185,"ICM_RNA"
"SCML4",-0.206628099345093,0.206628099345093,"ICM_RNA"
"POU4F2",-0.197083747872797,0.197083747872797,"ICM_RNA"
"RXRG",-0.179941472993124,0.179941472993124,"ICM_RNA"
"TGIF2LX",-0.177718180812636,0.177718180812636,"ICM_RNA"
"POU2AF1",-0.176392105045977,0.176392105045978,"ICM_RNA"
"ZIK1",-0.171994129678033,0.171994129678034,"ICM_RNA"
"PAX1",-0.154111793302151,0.154111793302151,"ICM_RNA"
"ATOH8",-0.152093251400125,0.152093251400125,"ICM_RNA"
"ZNF764",-0.148486115864643,0.148486115864644,"ICM_RNA"
"GSX1",-0.13972761424049,0.13972761424049,"ICM_RNA"
"DNMT1",-0.12388889178772,0.123888891787721,"ICM_RNA"
"ZEB1",-0.0873468949058214,0.0873468949058215,"ICM_RNA"
"LEF1",-0.0783688676548599,0.0783688676548603,"ICM_RNA"
"GATAD2A",-0.0696203226723009,0.0696203226722999,"ICM_RNA"
"RUNX3",-0.0666946048630217,0.0666946048630208,"ICM_RNA"
"ZNF461",-0.0618875354007026,0.0618875354007033,"ICM_RNA"
"ZNF835",-0.048739631113087,0.0487396311130873,"ICM_RNA"
"SP4",-0.038599996565811,0.0385999965658113,"ICM_RNA"
"SMAD1",-0.017835744464156,0.0178357444641552,"ICM_RNA"
"EBF2",-0.0154226170060823,0.0154226170060822,"ICM_RNA"
"FOXF2",-0.0153611250136897,0.0153611250136895,"ICM_RNA"
"SHOX2",-0.0148039597480882,0.0148039597480882,"ICM_RNA"
"ESR2",-0.0112684690395564,0.0112684690395561,"ICM_RNA"
"ZNF160",-0.0112045612383745,0.0112045612383722,"ICM_RNA"
"FOS",-0.00736384332778937,0.00736384332778943,"ICM_RNA"
"ZNF501",-0.00656343827264663,0.00656343827264674,"ICM_RNA"
"GLIS3",-0.00124447086822908,0.00124447086822907,"ICM_RNA"
"TSC22D1",-0.928191094216907,0.928191094216907,"eight_cell_RNA"
"PIN1",-0.847364476333772,0.847364476333771,"eight_cell_RNA"
"GTF3A",-0.780157851314679,0.780157851314679,"eight_cell_RNA"
"THYN1",-0.774931930209151,0.774931930209151,"eight_cell_RNA"
"ZNF433",-0.760908783337474,0.760908783337474,"eight_cell_RNA"
"SMAD4",-0.756530286501655,0.756530286501655,"eight_cell_RNA"
"CENPS",-0.737183601511366,0.737183601511367,"eight_cell_RNA"
"THAP8",-0.7325398535955,0.732539853595502,"eight_cell_RNA"
"THRB",-0.732157149198266,0.732157149198266,"eight_cell_RNA"
"ZNF407",-0.729644376264706,0.729644376264706,"eight_cell_RNA"
"RARB",-0.710290794526032,0.710290794526033,"eight_cell_RNA"
"THAP9",-0.705957296544976,0.705957296544975,"eight_cell_RNA"
"ZNF782",-0.673509866197888,0.673509866197888,"eight_cell_RNA"
"GBX1",-0.672997366982805,0.672997366982805,"eight_cell_RNA"
"KIN",-0.655823207753261,0.655823207753262,"eight_cell_RNA"
"NFE2L2",-0.638742874472069,0.638742874472068,"eight_cell_RNA"
"ISL1",-0.625769292991716,0.625769292991716,"eight_cell_RNA"
"ZNF267",-0.616133407366393,0.616133407366393,"eight_cell_RNA"
"NEUROD4",-0.580328272337048,0.580328272337048,"eight_cell_RNA"
"POU3F2",-0.569883464811631,0.569883464811631,"eight_cell_RNA"
"ZGLP1",-0.553310172390571,0.55331017239057,"eight_cell_RNA"
"FOXF1",-0.542855844141989,0.542855844141989,"eight_cell_RNA"
"TBPL2",-0.533446789489767,0.533446789489767,"eight_cell_RNA"
"ATMIN",-0.533332232084554,0.533332232084554,"eight_cell_RNA"
"CENPT",-0.532091533944596,0.532091533944598,"eight_cell_RNA"
"VSX2",-0.517432574429155,0.517432574429155,"eight_cell_RNA"
"NOBOX",-0.514889610236209,0.514889610236209,"eight_cell_RNA"
"HOXB7",-0.481775541790092,0.481775541790092,"eight_cell_RNA"
"RFX2",-0.464039783733687,0.464039783733687,"eight_cell_RNA"
"BNC1",-0.457339034297528,0.457339034297528,"eight_cell_RNA"
"XPA",-0.44298091226671,0.442980912266709,"eight_cell_RNA"
"FOXD2",-0.442548279957818,0.442548279957819,"eight_cell_RNA"
"ZNF569",-0.381147035587599,0.381147035587598,"eight_cell_RNA"
"JAZF1",-0.375610866905104,0.375610866905104,"eight_cell_RNA"
"BHLHE22",-0.373945452084947,0.373945452084947,"eight_cell_RNA"
"ARNT2",-0.359759609625722,0.359759609625722,"eight_cell_RNA"
"SPI1",-0.352601284999292,0.352601284999291,"eight_cell_RNA"
"MEIS2",-0.350703663181602,0.350703663181602,"eight_cell_RNA"
"NR2F1",-0.3490832621116,0.349083262111601,"eight_cell_RNA"
"HOXA3",-0.34387115912497,0.34387115912497,"eight_cell_RNA"
"TFAP2D",-0.327359813810673,0.327359813810673,"eight_cell_RNA"
"RFX4",-0.316126801816495,0.316126801816495,"eight_cell_RNA"
"THAP4",-0.314335823070941,0.314335823070941,"eight_cell_RNA"
"ZNF85",-0.304568042830851,0.304568042830851,"eight_cell_RNA"
"EOMES",-0.283282060087771,0.283282060087771,"eight_cell_RNA"
"MSANTD3",-0.270705810143177,0.270705810143178,"eight_cell_RNA"
"ZNF436",-0.24423304961782,0.24423304961782,"eight_cell_RNA"
"ZNF214",-0.241551463281443,0.241551463281444,"eight_cell_RNA"
"BARHL2",-0.236484073127868,0.236484073127868,"eight_cell_RNA"
"ZNF737",-0.20044783410564,0.20044783410564,"eight_cell_RNA"
"ZBTB42",-0.152766366561294,0.152766366561294,"eight_cell_RNA"
"YBX2",-0.129617881643478,0.129617881643478,"eight_cell_RNA"
"MTERF3",-0.119604367627554,0.119604367627555,"eight_cell_RNA"
"ZNF684",-0.117977234019526,0.117977234019528,"eight_cell_RNA"
"FOXN1",-0.117293958609116,0.117293958609117,"eight_cell_RNA"
"ZBTB33",-0.107392632453195,0.107392632453195,"eight_cell_RNA"
"ZNF277",-0.1046513912278,0.104651391227799,"eight_cell_RNA"
"POU5F1B",-0.0868337049839085,0.0868337049839079,"eight_cell_RNA"
"CSRNP2",-0.0812183893786148,0.0812183893786155,"eight_cell_RNA"
"ZBTB32",-0.0618658920461907,0.0618658920461902,"eight_cell_RNA"
"TCFL5",-0.0557710748378196,0.0557710748378182,"eight_cell_RNA"
"TEF",-0.0427759432586633,0.0427759432586622,"eight_cell_RNA"
"ZNF575",-0.0414239414204823,0.0414239414204823,"eight_cell_RNA"
"AHRR",-0.0284098299880326,0.028409829988032,"eight_cell_RNA"
"HOXA7",-0.00157242130857338,0.00157242130857332,"eight_cell_RNA"
